,isTech
47,True
48,True
49,True
50,True
51,True
52,True
53,True
54,True
76,True
77,True
78,True
79,True
80,True
81,True
82,True
83,True
84,True
85,True
86,True
87,True
88,True
89,True
90,True
91,True
92,True
93,True
94,True
95,True
206,True
207,True
208,True
209,True
210,True
211,True
212,True
213,True
214,True
215,True
293,True
294,True
295,True
296,True
297,True
298,True
299,True
300,True
301,True
302,True
303,True
304,True
305,True
306,True
307,True
308,True
309,True
310,True
311,True
312,True
313,True
314,True
315,True
316,True
317,True
318,True
319,True
384,True
385,True
386,True
387,True
388,True
389,True
390,True
391,True
392,True
393,True
394,True
395,True
404,True
405,True
406,True
407,True
408,True
409,True
410,True
411,True
412,True
413,True
414,True
415,True
480,True
481,True
482,True
483,True
484,True
485,True
486,True
487,True
488,True
489,True
490,True
491,True
492,True
493,True
494,True
495,True
496,True
497,True
498,True
499,True
500,True
501,True
502,True
503,True
504,True
556,True
557,True
558,True
559,True
560,True
561,True
562,True
563,True
564,True
565,True
566,True
567,True
568,True
569,True
570,True
571,True
572,True
573,True
574,True
575,True
699,True
700,True
701,True
702,True
703,True
704,True
705,True
706,True
707,True
708,True
796,True
797,True
798,True
799,True
800,True
801,True
802,True
803,True
804,True
805,True
806,True
807,True
983,True
984,True
985,True
986,True
987,True
988,True
1030,True
1031,True
1032,True
1033,True
1034,True
1035,True
1036,True
1037,True
1038,True
1039,True
1040,True
1073,True
1074,True
1075,True
1076,True
1077,True
1078,True
1079,True
1080,True
1081,True
1082,True
1083,True
1084,True
1085,True
1086,True
1087,True
1088,True
1089,True
1090,True
1091,True
1092,True
1104,True
1105,True
1106,True
1107,True
1108,True
1109,True
1110,True
1111,True
1112,True
1113,True
1114,True
1170,True
1171,True
1172,True
1173,True
1174,True
1175,True
1176,True
1177,True
1178,True
1179,True
1180,True
1191,True
1192,True
1193,True
1194,True
1195,True
1196,True
1197,True
1198,True
1199,True
1200,True
1221,True
1222,True
1223,True
1224,True
1225,True
1226,True
1227,True
1228,True
1229,True
1230,True
1231,True
1232,True
1233,True
1234,True
1235,True
1236,True
1237,True
1238,True
1239,True
1240,True
1327,True
1328,True
1329,True
1330,True
1331,True
1332,True
1333,True
1344,True
1345,True
1346,True
1347,True
1358,True
1359,True
1360,True
1361,True
1362,True
1363,True
1364,True
1365,True
1366,True
1367,True
1368,True
1381,True
1382,True
1383,True
1384,True
1385,True
1386,True
1387,True
1388,True
1389,True
1390,True
1436,True
1437,True
1438,True
1439,True
1440,True
1441,True
1442,True
1443,True
1444,True
1445,True
1446,True
1447,True
1448,True
1449,True
1466,True
1467,True
1468,True
1469,True
1470,True
1471,True
1472,True
1473,True
1474,True
1475,True
1476,True
1477,True
1478,True
1479,True
1480,True
1481,True
1488,True
1489,True
1490,True
1637,True
1638,True
1639,True
1640,True
1641,True
1642,True
1666,True
1667,True
1668,True
1669,True
1670,True
1671,True
1672,True
1673,True
1674,True
1675,True
1676,True
1687,True
1762,True
1763,True
1764,True
1765,True
1766,True
1767,True
1768,True
1769,True
1770,True
1771,True
1772,True
1773,True
1774,True
1775,True
1776,True
1777,True
1778,True
1779,True
1780,True
1842,True
1843,True
1844,True
1845,True
1846,True
1847,True
1848,True
1849,True
1850,True
1851,True
1852,True
1853,True
1912,True
1913,True
1914,True
1915,True
1916,True
1917,True
1918,True
1919,True
1920,True
1937,True
1938,True
1939,True
1940,True
1941,True
1942,True
1943,True
1944,True
1945,True
1958,True
1959,True
1960,True
1961,True
1962,True
1963,True
1964,True
1965,True
1966,True
1967,True
1968,True
1969,True
2017,True
2018,True
2019,True
2020,True
2021,True
2022,True
2023,True
2024,True
2025,True
2026,True
2075,True
2076,True
2077,True
2078,True
2079,True
2080,True
2081,True
2082,True
2083,True
2084,True
2095,True
2096,True
2097,True
2098,True
2110,True
2111,True
2112,True
2113,True
2114,True
2115,True
2116,True
2117,True
2118,True
2119,True
2164,True
2165,True
2401,True
2402,True
2403,True
2404,True
2405,True
2406,True
2407,True
2408,True
2409,True
2410,True
2411,True
2517,True
2518,True
2519,True
2520,True
2521,True
2522,True
2541,True
2542,True
2543,True
2544,True
2545,True
2546,True
2547,True
2548,True
2549,True
2550,True
2551,True
2552,True
2553,True
2554,True
2555,True
2600,True
2601,True
2602,True
2603,True
2604,True
2605,True
2606,True
2607,True
2608,True
2609,True
2610,True
2622,True
2623,True
2624,True
2625,True
2626,True
2627,True
2640,True
2641,True
2642,True
2643,True
2644,True
2645,True
2646,True
2647,True
2648,True
2649,True
2699,True
2700,True
2701,True
2702,True
2703,True
2704,True
2705,True
2706,True
2707,True
2732,True
2733,True
2734,True
2735,True
2736,True
2737,True
2738,True
2739,True
2740,True
2741,True
2742,True
2785,True
2786,True
2787,True
2788,True
2789,True
2790,True
2791,True
2792,True
2793,True
2794,True
2795,True
2796,True
2797,True
2798,True
2799,True
2832,True
2833,True
2834,True
2835,True
2836,True
2837,True
2838,True
2839,True
2840,True
2841,True
2900,True
2901,True
2902,True
2903,True
2904,True
2905,True
2906,True
2907,True
2908,True
2909,True
2940,True
2956,True
2957,True
2958,True
2959,True
2960,True
2961,True
2962,True
2963,True
2964,True
2965,True
2966,True
2967,True
2968,True
2969,True
2970,True
3059,True
3060,True
3061,True
3062,True
3063,True
3064,True
3065,True
3066,True
3067,True
3068,True
3085,True
3086,True
3087,True
3088,True
3089,True
3090,True
3091,True
3092,True
3093,True
3094,True
3095,True
3156,True
3157,True
3158,True
3159,True
3160,True
3161,True
3162,True
3163,True
3181,True
3182,True
3183,True
3184,True
3185,True
3186,True
3187,True
3188,True
3189,True
3190,True
3191,True
3192,True
3193,True
3194,True
3195,True
3196,True
3197,True
3198,True
3199,True
3200,True
3201,True
3213,True
3214,True
3215,True
3216,True
3269,True
3270,True
3271,True
3272,True
3273,True
3274,True
3275,True
3276,True
3277,True
3308,True
3309,True
3424,True
3425,True
3426,True
3427,True
3428,True
3429,True
3430,True
3431,True
3432,True
3433,True
3434,True
3471,True
3472,True
3473,True
3482,True
3483,True
3484,True
3485,True
3486,True
3487,True
3488,True
3506,True
3507,True
3508,True
3509,True
3510,True
3511,True
3512,True
3513,True
3514,True
3515,True
3526,True
3527,True
3528,True
3529,True
3530,True
3531,True
3532,True
3533,True
3534,True
3535,True
3589,True
3590,True
3591,True
3592,True
3593,True
3594,True
3595,True
3596,True
3597,True
3598,True
3599,True
3651,True
3652,True
3653,True
3654,True
3655,True
3656,True
3657,True
3658,True
3659,True
3660,True
3661,True
3773,True
3774,True
3833,True
3834,True
3835,True
3836,True
3837,True
3838,True
3839,True
3840,True
3841,True
3842,True
3843,True
3922,True
3923,True
3924,True
3925,True
3948,True
3949,True
3950,True
3951,True
3952,True
3953,True
3954,True
3955,True
3956,True
3957,True
3990,True
3991,True
4145,True
4146,True
4147,True
4148,True
4149,True
4150,True
4151,True
4163,True
4164,True
4165,True
4166,True
4167,True
4168,True
4169,True
4170,True
4171,True
4172,True
4238,True
4239,True
4240,True
4241,True
4242,True
4281,True
4282,True
4283,True
4284,True
4285,True
4286,True
4287,True
4288,True
4289,True
4290,True
4322,True
4323,True
4324,True
4325,True
4326,True
4327,True
4328,True
4329,True
4411,True
4412,True
4413,True
4422,True
4423,True
4424,True
4425,True
4426,True
4427,True
4428,True
4429,True
4430,True
4489,True
4490,True
4491,True
4492,True
4493,True
4494,True
4495,True
4496,True
4497,True
4498,True
4539,True
4540,True
4541,True
4542,True
4543,True
4544,True
4545,True
4546,True
4547,True
4575,True
4576,True
4577,True
4578,True
4579,True
4580,True
4581,True
4582,True
4583,True
4584,True
4585,True
4623,True
4624,True
4625,True
4626,True
4627,True
4628,True
4629,True
4630,True
4631,True
4632,True
4633,True
4634,True
4672,True
4673,True
4674,True
4675,True
4676,True
4677,True
4678,True
4679,True
4680,True
4681,True
4682,True
4683,True
4684,True
4685,True
4686,True
4692,True
4693,True
4741,True
4742,True
4743,True
4744,True
4745,True
4746,True
4747,True
4748,True
4749,True
4750,True
4751,True
4762,True
4763,True
4764,True
4765,True
4766,True
4767,True
4768,True
4769,True
4770,True
4771,True
4793,True
4794,True
4795,True
4796,True
4797,True
4798,True
4799,True
4800,True
4801,True
4802,True
4803,True
4804,True
4805,True
4806,True
4807,True
4808,True
4809,True
4811,True
4812,True
4901,True
4902,True
4903,True
4904,True
4905,True
4906,True
4907,True
4908,True
4909,True
4910,True
4911,True
4912,True
4915,True
4916,True
4917,True
4918,True
4919,True
4920,True
4921,True
4922,True
4923,True
4924,True
4925,True
4926,True
5002,True
5003,True
5004,True
5005,True
5006,True
5007,True
5008,True
5009,True
5010,True
5011,True
5012,True
5013,True
5014,True
5015,True
5016,True
5113,True
5114,True
5115,True
5116,True
5117,True
5118,True
5119,True
5120,True
5121,True
5122,True
5123,True
5200,True
5201,True
5202,True
5203,True
5204,True
5205,True
5206,True
5207,True
5208,True
5209,True
5210,True
5211,True
5212,True
5213,True
5214,True
5215,True
5216,True
5217,True
5218,True
5229,True
5230,True
5231,True
5250,True
5251,True
5252,True
5253,True
5254,True
5255,True
5256,True
5257,True
5258,True
5259,True
5271,True
5272,True
5316,True
5317,True
5318,True
5319,True
5320,True
5535,True
5536,True
5537,True
5538,True
5539,True
5540,True
5541,True
5542,True
5543,True
5544,True
5569,True
5570,True
5571,True
5572,True
5573,True
5574,True
5685,True
5686,True
5687,True
5688,True
5689,True
5690,True
5691,True
5796,True
5797,True
5798,True
5799,True
5800,True
5801,True
5802,True
5803,True
5804,True
5805,True
5806,True
5807,True
5808,True
5809,True
5810,True
5811,True
5812,True
5813,True
5814,True
5815,True
5816,True
5817,True
5842,True
5843,True
5844,True
5867,True
5868,True
5869,True
5870,True
5871,True
5872,True
5873,True
5874,True
5875,True
5876,True
5984,True
5985,True
5986,True
5987,True
5988,True
5989,True
5990,True
5991,True
5992,True
5993,True
5994,True
5995,True
5996,True
5997,True
5998,True
5999,True
6000,True
6001,True
6002,True
6003,True
6053,True
6054,True
6055,True
6056,True
6057,True
6058,True
6059,True
6060,True
6087,True
6088,True
6089,True
6090,True
6091,True
6092,True
6093,True
6094,True
6095,True
6128,True
6129,True
6193,True
6194,True
6195,True
6196,True
6197,True
6198,True
6199,True
6200,True
6201,True
6202,True
6203,True
6204,True
6205,True
6206,True
6207,True
6208,True
6209,True
6210,True
6211,True
6212,True
6213,True
6214,True
6215,True
6216,True
6217,True
6218,True
6219,True
6220,True
6221,True
6222,True
6223,True
6224,True
6225,True
6226,True
6227,True
6275,True
6276,True
6277,True
6278,True
6279,True
6280,True
6281,True
6282,True
6283,True
6284,True
6285,True
6286,True
6414,True
6415,True
6416,True
6417,True
6418,True
6419,True
6420,True
6421,True
6422,True
6423,True
6442,True
6443,True
6444,True
6518,True
6519,True
6520,True
6521,True
6522,True
6539,True
6540,True
6541,True
6542,True
6543,True
6544,True
6551,True
6552,True
6553,True
6598,True
6599,True
6600,True
6601,True
6602,True
6603,True
6717,True
6718,True
6719,True
6720,True
6721,True
6722,True
6723,True
6724,True
6725,True
6726,True
6767,True
6768,True
6769,True
6770,True
6771,True
6772,True
6773,True
6774,True
6775,True
6776,True
6789,True
6790,True
6791,True
6792,True
6793,True
6794,True
6795,True
6796,True
6797,True
6866,True
6867,True
6868,True
6869,True
6870,True
6871,True
6872,True
6916,True
6917,True
6918,True
6919,True
6920,True
6921,True
6922,True
6923,True
6924,True
6925,True
6946,True
6947,True
6948,True
6949,True
6950,True
6951,True
6952,True
6953,True
6964,True
6965,True
6966,True
6967,True
6968,True
6969,True
6970,True
6971,True
6972,True
6973,True
6974,True
7002,True
7003,True
7004,True
7005,True
7006,True
7007,True
7008,True
7009,True
7010,True
7011,True
7012,True
7037,True
7038,True
7039,True
7040,True
7041,True
7042,True
7052,True
7053,True
7054,True
7055,True
7056,True
7057,True
7058,True
7079,True
7080,True
7081,True
7082,True
7083,True
7084,True
7085,True
7086,True
7087,True
7088,True
7100,True
7101,True
7102,True
7103,True
7104,True
7105,True
7106,True
7107,True
7108,True
7109,True
7110,True
7111,True
7112,True
7113,True
7114,True
7115,True
7116,True
7117,True
7118,True
7119,True
7120,True
7121,True
7122,True
7123,True
7124,True
7125,True
7126,True
7127,True
7230,True
7235,True
7236,True
7237,True
7238,True
7239,True
7240,True
7241,True
7242,True
7243,True
7282,True
7283,True
7284,True
7285,True
7286,True
7287,True
7288,True
7289,True
7290,True
7291,True
7420,True
7421,True
7422,True
7423,True
7424,True
7425,True
7426,True
7427,True
7428,True
7429,True
7430,True
7431,True
7432,True
7433,True
7434,True
7435,True
7436,True
7437,True
7482,True
7483,True
7484,True
7485,True
7486,True
7487,True
7488,True
7489,True
7490,True
7491,True
7503,True
7504,True
7505,True
7506,True
7507,True
7582,True
7583,True
7584,True
7585,True
7586,True
7587,True
7588,True
7589,True
7590,True
7591,True
7768,True
7769,True
7770,True
7771,True
7772,True
7816,True
7817,True
7818,True
7819,True
7820,True
7821,True
7822,True
7823,True
7824,True
7825,True
7826,True
7827,True
7828,True
7829,True
7830,True
7831,True
7832,True
7833,True
7834,True
7835,True
7836,True
7837,True
7924,True
7925,True
7926,True
7927,True
7928,True
7929,True
7930,True
7931,True
7932,True
7933,True
7934,True
7935,True
7978,True
7979,True
7980,True
7981,True
7982,True
7983,True
7984,True
8023,True
8024,True
8025,True
8026,True
8027,True
8028,True
8029,True
8030,True
8031,True
8032,True
8033,True
8034,True
8035,True
8036,True
8037,True
8038,True
8039,True
8040,True
8041,True
8042,True
8043,True
8044,True
8045,True
8046,True
8047,True
8048,True
8049,True
8050,True
8051,True
8064,True
8065,True
8066,True
8067,True
8068,True
8069,True
8070,True
8071,True
8072,True
8098,True
8099,True
8100,True
8101,True
8102,True
8103,True
8104,True
8126,True
8127,True
8128,True
8129,True
8130,True
8131,True
8132,True
8133,True
8134,True
8215,True
8216,True
8217,True
8218,True
8219,True
8220,True
8221,True
8222,True
8327,True
8328,True
8329,True
8330,True
8349,True
8350,True
8351,True
8352,True
8353,True
8354,True
8355,True
8356,True
8627,True
8628,True
8629,True
8630,True
8631,True
8632,True
8633,True
8634,True
8635,True
8636,True
8637,True
8638,True
8639,True
8640,True
8641,True
8642,True
8643,True
8644,True
8645,True
8646,True
8647,True
8648,True
8649,True
8650,True
8651,True
8652,True
8653,True
8654,True
8655,True
8656,True
8657,True
8658,True
8659,True
8761,True
8762,True
8763,True
8764,True
8765,True
8766,True
8767,True
8768,True
8769,True
8770,True
8825,True
8826,True
8827,True
8828,True
8829,True
8830,True
8831,True
8843,True
8844,True
8845,True
8846,True
8847,True
8848,True
8849,True
8850,True
8851,True
8852,True
8900,True
8901,True
8902,True
8903,True
8904,True
8905,True
8906,True
8907,True
8908,True
8909,True
8910,True
8922,True
8923,True
8924,True
8925,True
8926,True
8927,True
8928,True
8929,True
8930,True
8931,True
8932,True
8933,True
9003,True
9004,True
9005,True
9006,True
9007,True
9008,True
9009,True
9010,True
9011,True
9032,True
9033,True
9034,True
9035,True
9036,True
9037,True
9038,True
9039,True
9040,True
9041,True
9100,True
9101,True
9102,True
9103,True
9104,True
9105,True
9106,True
9107,True
9108,True
9109,True
9145,True
9146,True
9147,True
9148,True
9149,True
9150,True
9151,True
9177,True
9178,True
9179,True
9180,True
9181,True
9182,True
9183,True
9184,True
9185,True
9186,True
9220,True
9221,True
9222,True
9223,True
9224,True
9225,True
9226,True
9227,True
9228,True
9229,True
9230,True
9231,True
9232,True
9233,True
9234,True
9235,True
9236,True
9237,True
9238,True
9255,True
9256,True
9257,True
9258,True
9259,True
9260,True
9261,True
9262,True
9263,True
9264,True
9265,True
9266,True
9267,True
9268,True
9269,True
9270,True
9271,True
9272,True
9273,True
9274,True
9275,True
9276,True
9277,True
9278,True
9279,True
9280,True
9281,True
9282,True
9283,True
9284,True
9285,True
9286,True
9287,True
9319,True
9320,True
9321,True
9322,True
9323,True
9324,True
9347,True
9348,True
9349,True
9350,True
9351,True
9352,True
9353,True
9354,True
9366,True
9367,True
9368,True
9369,True
9370,True
9371,True
9372,True
9373,True
9374,True
9375,True
9376,True
9377,True
9378,True
9379,True
9380,True
9381,True
9382,True
9383,True
9384,True
9385,True
9425,True
9426,True
9427,True
9428,True
9429,True
9430,True
9431,True
9432,True
9433,True
9434,True
9435,True
9436,True
9437,True
9438,True
9439,True
9440,True
9441,True
9442,True
9443,True
9444,True
9445,True
9482,True
9483,True
9484,True
9485,True
9486,True
9487,True
9488,True
9489,True
9522,True
9523,True
9524,True
9525,True
9526,True
9527,True
9528,True
9529,True
9530,True
9531,True
9532,True
9561,True
9562,True
9563,True
9564,True
9565,True
9566,True
9567,True
9568,True
9569,True
9570,True
9571,True
9572,True
9573,True
9574,True
9575,True
9576,True
9577,True
9578,True
9579,True
9580,True
9581,True
9609,True
9610,True
9611,True
9612,True
9613,True
9614,True
9615,True
9616,True
9617,True
9618,True
9727,True
9728,True
9729,True
9730,True
9731,True
9732,True
9733,True
9734,True
9735,True
9736,True
9761,True
9762,True
9763,True
9764,True
9765,True
9766,True
9767,True
9768,True
9769,True
9770,True
9771,True
9867,True
9868,True
9869,True
9870,True
9871,True
9872,True
9873,True
9874,True
9875,True
9876,True
9877,True
9878,True
10034,True
10035,True
10036,True
10037,True
10038,True
10039,True
10040,True
10041,True
10042,True
10043,True
10044,True
10045,True
10046,True
10047,True
10048,True
10049,True
10050,True
10051,True
10070,True
10071,True
10072,True
10073,True
10074,True
10075,True
10129,True
10130,True
10131,True
10132,True
10133,True
10134,True
10135,True
10136,True
10137,True
10138,True
10139,True
10140,True
10141,True
10142,True
10143,True
10144,True
10145,True
10146,True
10147,True
10148,True
10149,True
10244,True
10245,True
10246,True
10247,True
10248,True
10249,True
10250,True
10251,True
10252,True
10253,True
10513,True
10514,True
10515,True
10516,True
10517,True
10518,True
10519,True
10520,True
10521,True
10522,True
10523,True
10540,True
10541,True
10542,True
10543,True
10544,True
10545,True
10546,True
10547,True
10548,True
10549,True
10579,True
10580,True
10581,True
10582,True
10583,True
10584,True
10585,True
10586,True
10587,True
10624,True
10625,True
10626,True
10627,True
10628,True
10629,True
10630,True
10631,True
10632,True
10643,True
10644,True
10645,True
10646,True
10647,True
10648,True
10649,True
10650,True
10651,True
10652,True
10675,True
10676,True
10677,True
10678,True
10679,True
10680,True
10681,True
10682,True
10683,True
10684,True
10685,True
10700,True
10701,True
10702,True
10703,True
10704,True
10705,True
10706,True
10755,True
10756,True
10757,True
10758,True
10759,True
10760,True
10761,True
10762,True
10839,True
10840,True
10841,True
10842,True
10843,True
10844,True
10845,True
10846,True
10847,True
10848,True
10849,True
10850,True
10851,True
10852,True
10853,True
10854,True
10855,True
10856,True
10857,True
10858,True
10859,True
10870,True
10871,True
10872,True
10873,True
10874,True
10875,True
10876,True
10912,True
10913,True
10914,True
10915,True
10916,True
10917,True
10918,True
10919,True
10920,True
10921,True
10922,True
10923,True
10924,True
10925,True
10926,True
10927,True
10928,True
10929,True
10930,True
10931,True
10944,True
10945,True
10946,True
10947,True
10948,True
10949,True
10950,True
10951,True
10952,True
10953,True
10954,True
11008,True
11009,True
11010,True
11011,True
11012,True
11013,True
11014,True
11015,True
11016,True
11017,True
11018,True
11019,True
11020,True
11021,True
11022,True
11023,True
11024,True
11057,True
11058,True
11059,True
11060,True
11061,True
11062,True
11063,True
11064,True
11065,True
11066,True
11079,True
11080,True
11122,True
11123,True
11191,True
11192,True
11193,True
11194,True
11195,True
11196,True
11197,True
11198,True
11199,True
11211,True
11212,True
11213,True
11214,True
11215,True
11216,True
11217,True
11218,True
11219,True
11220,True
11239,True
11240,True
11241,True
11242,True
11243,True
11244,True
11245,True
11246,True
11247,True
11248,True
11305,True
11306,True
11307,True
11308,True
11350,True
11351,True
11352,True
11353,True
11354,True
11355,True
11356,True
11357,True
11358,True
11359,True
11360,True
11395,True
11396,True
11397,True
11398,True
11445,True
11446,True
11447,True
11448,True
11449,True
11450,True
11451,True
11452,True
11453,True
11454,True
11509,True
11510,True
11511,True
11512,True
11513,True
11514,True
11515,True
11516,True
11517,True
11518,True
11519,True
11520,True
11521,True
11522,True
11523,True
11524,True
11525,True
11526,True
11527,True
11528,True
11550,True
11551,True
11552,True
11553,True
11554,True
11555,True
11556,True
11557,True
11616,True
11617,True
11618,True
11619,True
11620,True
11621,True
11622,True
11701,True
11702,True
11703,True
11704,True
11705,True
11706,True
11707,True
11708,True
11709,True
11710,True
11713,True
11714,True
11715,True
11716,True
11717,True
11718,True
11719,True
11720,True
11721,True
11722,True
11726,True
11727,True
11728,True
11729,True
11730,True
11757,True
11758,True
11759,True
11760,True
11761,True
11762,True
11763,True
11764,True
11765,True
11766,True
11767,True
11778,True
11779,True
11780,True
11781,True
11782,True
11783,True
11784,True
11785,True
11786,True
11787,True
12032,True
12033,True
12034,True
12035,True
12036,True
12037,True
12038,True
12039,True
12040,True
12041,True
12052,True
12053,True
12054,True
12055,True
12056,True
12067,True
12068,True
12069,True
12070,True
12071,True
12072,True
12073,True
12074,True
12075,True
12076,True
12116,True
12117,True
12118,True
12119,True
12120,True
12121,True
12122,True
12123,True
12124,True
12125,True
12126,True
12127,True
12139,True
12140,True
12141,True
12142,True
12143,True
12144,True
12145,True
12146,True
12147,True
12159,True
12160,True
12161,True
12162,True
12163,True
12164,True
12165,True
12166,True
12167,True
12168,True
12169,True
12170,True
12171,True
12172,True
12173,True
12174,True
12175,True
12176,True
12177,True
12178,True
12181,True
12182,True
12183,True
12184,True
12185,True
12186,True
12187,True
12188,True
12189,True
12190,True
12191,True
12192,True
12203,True
12204,True
12205,True
12206,True
12207,True
12208,True
12209,True
12210,True
12211,True
12212,True
12213,True
12214,True
12215,True
12277,True
12278,True
12279,True
12280,True
12281,True
12282,True
12283,True
12284,True
12285,True
12296,True
12297,True
12298,True
12299,True
12300,True
12301,True
12302,True
12303,True
12304,True
12305,True
12306,True
12329,True
12330,True
12331,True
12332,True
12333,True
12334,True
12335,True
12336,True
12337,True
12338,True
12340,True
12341,True
12342,True
12343,True
12344,True
12345,True
12346,True
12347,True
12348,True
12349,True
12350,True
12352,True
12353,True
12354,True
12355,True
12356,True
12357,True
12358,True
12359,True
12360,True
12361,True
12362,True
12363,True
12406,True
12407,True
12408,True
12409,True
12410,True
12411,True
12412,True
12413,True
12414,True
12415,True
12416,True
12417,True
12418,True
12419,True
12420,True
12421,True
12422,True
12423,True
12424,True
12425,True
12426,True
12504,True
12505,True
12506,True
12507,True
12508,True
12509,True
12510,True
12511,True
12512,True
12513,True
12514,True
12651,True
12652,True
12653,True
12654,True
12655,True
12656,True
12657,True
12800,True
12801,True
12802,True
12803,True
12804,True
12805,True
12806,True
12807,True
12808,True
12809,True
12810,True
12811,True
12832,True
12833,True
12834,True
12835,True
12836,True
12837,True
12838,True
12839,True
12840,True
12874,True
12875,True
12876,True
12877,True
12878,True
12879,True
12880,True
12881,True
12882,True
12883,True
12884,True
12885,True
12886,True
12887,True
12888,True
12889,True
12890,True
12891,True
12902,True
12903,True
12904,True
12905,True
12906,True
12907,True
12908,True
12909,True
12910,True
12911,True
12994,True
12995,True
12996,True
12997,True
12998,True
12999,True
13000,True
13001,True
13002,True
13003,True
13004,True
13005,True
13006,True
13007,True
13008,True
13009,True
13010,True
13011,True
13012,True
13013,True
13014,True
13015,True
13016,True
13017,True
13018,True
13019,True
13020,True
13021,True
13022,True
13023,True
13024,True
13025,True
13026,True
13027,True
13028,True
13054,True
13055,True
13056,True
13057,True
13058,True
13059,True
13060,True
13061,True
13062,True
13063,True
13064,True
13129,True
13130,True
13131,True
13132,True
13133,True
13134,True
13135,True
13136,True
13137,True
13138,True
13139,True
13140,True
13141,True
13142,True
13143,True
13144,True
13145,True
13146,True
13147,True
13148,True
13149,True
13150,True
13240,True
13241,True
13242,True
13243,True
13244,True
13245,True
13246,True
13247,True
13248,True
13249,True
13250,True
13251,True
13252,True
13295,True
13296,True
13297,True
13298,True
13299,True
13300,True
13301,True
13302,True
13303,True
13304,True
13411,True
13412,True
13413,True
13414,True
13415,True
13416,True
13417,True
13418,True
13419,True
13420,True
13421,True
13422,True
13423,True
13424,True
13454,True
13455,True
13456,True
13457,True
13458,True
13459,True
13460,True
13461,True
13462,True
13463,True
13487,True
13488,True
13489,True
13490,True
13491,True
13492,True
13493,True
13494,True
13495,True
13496,True
13497,True
13526,True
13527,True
13528,True
13529,True
13530,True
13531,True
13532,True
13533,True
13534,True
13535,True
13551,True
13552,True
13553,True
13554,True
13555,True
13556,True
13557,True
13558,True
13559,True
13560,True
13561,True
13562,True
13563,True
13564,True
13565,True
13566,True
13578,True
13579,True
13580,True
13581,True
13582,True
13583,True
13584,True
13585,True
13586,True
13587,True
13599,True
13620,True
13621,True
13622,True
13623,True
13624,True
13625,True
13626,True
13627,True
13628,True
13629,True
13630,True
13631,True
13632,True
13707,True
13708,True
13709,True
13710,True
13711,True
13712,True
13713,True
13714,True
13725,True
13726,True
13727,True
13728,True
13729,True
13730,True
13731,True
13835,True
13836,True
13837,True
13838,True
13839,True
13840,True
13841,True
13842,True
13843,True
13869,True
13870,True
13871,True
13872,True
13873,True
13874,True
13875,True
13876,True
13877,True
13878,True
13900,True
13901,True
13902,True
13903,True
13904,True
13905,True
13906,True
13907,True
13908,True
13909,True
13943,True
13944,True
13945,True
13946,True
13947,True
13948,True
13949,True
13950,True
13951,True
13952,True
14088,True
14089,True
14090,True
14101,True
14102,True
14103,True
14104,True
14105,True
14117,True
14118,True
14119,True
14120,True
14121,True
14122,True
14123,True
14124,True
14125,True
14126,True
14136,True
14137,True
14138,True
14139,True
14150,True
14151,True
14152,True
14153,True
14154,True
14155,True
14156,True
14157,True
14158,True
14159,True
14182,True
14183,True
14184,True
14185,True
14186,True
14187,True
14188,True
14189,True
14190,True
14191,True
14192,True
14193,True
14194,True
14229,True
14230,True
14231,True
14232,True
14233,True
14234,True
14235,True
14236,True
14237,True
14238,True
14239,True
14378,True
14379,True
14380,True
14381,True
14382,True
14383,True
14384,True
14385,True
14386,True
14387,True
14395,True
14396,True
14397,True
14398,True
14399,True
14400,True
14401,True
14402,True
14403,True
14404,True
14405,True
14423,True
14424,True
14425,True
14426,True
14427,True
14428,True
14429,True
14430,True
14431,True
14432,True
14433,True
14451,True
14452,True
14453,True
14454,True
14455,True
14456,True
14457,True
14458,True
14459,True
14473,True
14474,True
14475,True
14476,True
14503,True
14534,True
14535,True
14536,True
14537,True
14538,True
14539,True
14559,True
14560,True
14561,True
14562,True
14563,True
14564,True
14565,True
14566,True
14567,True
14568,True
14569,True
14570,True
14571,True
14572,True
14573,True
14574,True
14575,True
14576,True
14577,True
14578,True
14579,True
14580,True
14720,True
14721,True
14722,True
14723,True
14724,True
14725,True
14726,True
14727,True
14728,True
14729,True
14730,True
14731,True
14766,True
14767,True
14768,True
14769,True
14770,True
14771,True
14772,True
14773,True
14774,True
14775,True
14776,True
14777,True
14778,True
14779,True
14780,True
14781,True
14782,True
14783,True
14784,True
14785,True
14786,True
14787,True
14788,True
14789,True
14790,True
14791,True
14798,True
14799,True
14800,True
14801,True
14802,True
14803,True
14804,True
14815,True
14816,True
14817,True
14875,True
14876,True
14877,True
14878,True
14879,True
14880,True
14881,True
14882,True
14883,True
14884,True
14885,True
14886,True
14887,True
14888,True
14889,True
14890,True
14891,True
14892,True
14893,True
14894,True
14895,True
14896,True
14897,True
15074,True
15075,True
15076,True
15077,True
15078,True
15079,True
15080,True
15081,True
15082,True
15083,True
15193,True
15194,True
15195,True
15196,True
15197,True
15198,True
15199,True
15200,True
15201,True
15202,True
15305,True
15306,True
15307,True
15308,True
15309,True
15310,True
15311,True
15312,True
15402,True
15403,True
15404,True
15405,True
15406,True
15407,True
15408,True
15409,True
15410,True
15411,True
15488,True
15489,True
15490,True
15491,True
15492,True
15493,True
15494,True
15495,True
15496,True
15497,True
15498,True
15499,True
15500,True
15501,True
15502,True
15503,True
15504,True
15505,True
15537,True
15538,True
15539,True
15540,True
15541,True
15542,True
15627,True
15628,True
15629,True
15630,True
15631,True
15632,True
15633,True
15634,True
15635,True
15636,True
15647,True
15648,True
15649,True
15650,True
15651,True
15652,True
15653,True
15654,True
15655,True
15656,True
15667,True
15668,True
15669,True
15670,True
15671,True
15672,True
15770,True
15771,True
15772,True
15773,True
15774,True
15775,True
15776,True
15777,True
15778,True
15779,True
15795,True
15796,True
15797,True
15798,True
15799,True
15800,True
15801,True
15802,True
15803,True
15804,True
15805,True
15816,True
15817,True
15818,True
15819,True
15820,True
15871,True
15872,True
15873,True
15874,True
15875,True
15876,True
15906,True
15907,True
15908,True
15909,True
15910,True
15911,True
15912,True
15913,True
15914,True
15915,True
15916,True
15917,True
15918,True
15919,True
15920,True
15921,True
15973,True
15974,True
15975,True
15976,True
15982,True
15983,True
15984,True
15985,True
15986,True
15987,True
15988,True
15989,True
15990,True
15991,True
16098,True
16099,True
16100,True
16101,True
16102,True
16103,True
16104,True
16145,True
16146,True
16147,True
16148,True
16149,True
16150,True
16151,True
16152,True
16251,True
16252,True
16253,True
16254,True
16255,True
16256,True
16257,True
16258,True
16259,True
16260,True
16261,True
16347,True
16348,True
16349,True
16350,True
16351,True
16352,True
16353,True
16354,True
16355,True
16356,True
16387,True
16388,True
16389,True
16390,True
16391,True
16392,True
16393,True
16394,True
16395,True
16396,True
16427,True
16428,True
16429,True
16430,True
16431,True
16432,True
16433,True
16434,True
16435,True
16436,True
16437,True
16438,True
16439,True
16440,True
16441,True
16442,True
16443,True
16444,True
16445,True
16446,True
16447,True
16466,True
16467,True
16468,True
16469,True
16480,True
16481,True
16482,True
16483,True
16484,True
16485,True
16486,True
16487,True
16488,True
16489,True
16490,True
16491,True
16492,True
16493,True
16494,True
16495,True
16496,True
16533,True
16538,True
16539,True
16540,True
16541,True
16542,True
16543,True
16544,True
16545,True
16546,True
16547,True
16548,True
16571,True
16572,True
16573,True
16574,True
16575,True
16576,True
16577,True
16578,True
16579,True
16580,True
16591,True
16592,True
16593,True
16594,True
16595,True
16596,True
16597,True
16598,True
16599,True
16636,True
16637,True
16638,True
16639,True
16640,True
16641,True
16642,True
16643,True
16644,True
16682,True
16683,True
16684,True
16685,True
16686,True
16687,True
16688,True
16689,True
16738,True
16739,True
16740,True
16741,True
16742,True
16743,True
16744,True
16745,True
16746,True
16747,True
16760,True
16761,True
16762,True
16763,True
16764,True
16888,True
16889,True
16890,True
16891,True
16892,True
16893,True
16894,True
16895,True
16896,True
16897,True
16898,True
16899,True
16900,True
16901,True
16902,True
16903,True
16904,True
16905,True
16906,True
16907,True
16908,True
16909,True
16910,True
16911,True
16912,True
16923,True
16924,True
16925,True
16926,True
16927,True
16928,True
16929,True
16930,True
16931,True
16932,True
16933,True
16934,True
16935,True
16936,True
16937,True
16938,True
16939,True
16940,True
16941,True
16942,True
16943,True
16996,True
16997,True
16998,True
16999,True
17000,True
17001,True
17002,True
17003,True
17004,True
17005,True
17032,True
17033,True
17034,True
17035,True
17036,True
17037,True
17038,True
17039,True
17040,True
17060,True
17061,True
17062,True
17063,True
17064,True
17065,True
17066,True
17067,True
17068,True
17069,True
17070,True
17113,True
17114,True
17115,True
17116,True
17117,True
17118,True
17119,True
17120,True
17121,True
17122,True
17143,True
17144,True
17145,True
17157,True
17158,True
17159,True
17160,True
17161,True
17162,True
17163,True
17164,True
17165,True
17166,True
17167,True
17241,True
17242,True
17243,True
17244,True
17245,True
17246,True
17247,True
17248,True
17249,True
17250,True
17251,True
17259,True
17260,True
17261,True
17262,True
17263,True
17264,True
17265,True
17266,True
17390,True
17391,True
17392,True
17393,True
17394,True
17395,True
17396,True
17397,True
17398,True
17399,True
17400,True
17401,True
17402,True
17403,True
17404,True
17405,True
17406,True
17407,True
17408,True
17409,True
17410,True
17450,True
17451,True
17452,True
17453,True
17454,True
17455,True
17456,True
17457,True
17458,True
17459,True
17460,True
17461,True
17462,True
17463,True
17464,True
17465,True
17477,True
17478,True
17479,True
17480,True
17481,True
17482,True
17483,True
17484,True
17485,True
17486,True
17487,True
17488,True
17499,True
17500,True
17501,True
17527,True
17528,True
17529,True
17530,True
17531,True
17532,True
17533,True
17534,True
17535,True
17536,True
17668,True
17669,True
17670,True
17671,True
17672,True
17673,True
17674,True
17713,True
17714,True
17715,True
17716,True
17717,True
17718,True
17719,True
17720,True
17946,True
17947,True
17948,True
17949,True
17950,True
17961,True
17962,True
17963,True
17964,True
17965,True
17966,True
17967,True
17968,True
17969,True
17970,True
17971,True
17983,True
17984,True
17985,True
17986,True
17987,True
17988,True
17989,True
17990,True
17991,True
17992,True
18013,True
18014,True
18015,True
18016,True
18017,True
18018,True
18019,True
18020,True
18021,True
18022,True
18030,True
18031,True
18032,True
18033,True
18034,True
18035,True
18036,True
18090,True
18091,True
18092,True
18093,True
18094,True
18095,True
18096,True
18097,True
18098,True
18099,True
18146,True
18147,True
18148,True
18149,True
18150,True
18166,True
18167,True
18168,True
18169,True
18170,True
18171,True
18172,True
18173,True
18174,True
18175,True
18176,True
18177,True
18178,True
18179,True
18180,True
18181,True
18182,True
18183,True
18184,True
18185,True
18201,True
18202,True
18203,True
18204,True
18205,True
18206,True
18207,True
18208,True
18209,True
18210,True
18211,True
18274,True
18275,True
18276,True
18277,True
18278,True
18279,True
18280,True
18281,True
18282,True
18283,True
18284,True
18285,True
18286,True
18287,True
18288,True
18289,True
18290,True
18291,True
18292,True
18293,True
18313,True
18314,True
18315,True
18316,True
18317,True
18318,True
18319,True
18320,True
18321,True
18322,True
18323,True
18324,True
18346,True
18347,True
18348,True
18349,True
18350,True
18351,True
18352,True
18353,True
18354,True
18355,True
18360,True
18361,True
18362,True
18363,True
18364,True
18365,True
18366,True
18367,True
18368,True
18369,True
18370,True
18371,True
18372,True
18373,True
18374,True
18375,True
18376,True
18377,True
18378,True
18379,True
18471,True
18472,True
18473,True
18474,True
18475,True
18476,True
18477,True
18478,True
18479,True
18480,True
18481,True
18482,True
18483,True
18484,True
18485,True
18486,True
18487,True
18488,True
18489,True
18490,True
18491,True
18522,True
18523,True
18524,True
18525,True
18526,True
18527,True
18528,True
18529,True
18530,True
18584,True
18585,True
18586,True
18587,True
18588,True
18589,True
18590,True
18604,True
18605,True
18606,True
18637,True
18638,True
18639,True
18640,True
18641,True
18642,True
18643,True
18644,True
18645,True
18646,True
18647,True
18648,True
18649,True
18813,True
18814,True
18815,True
18816,True
18817,True
18818,True
18819,True
18820,True
18879,True
18880,True
18881,True
18882,True
18883,True
18884,True
18885,True
18886,True
18887,True
18960,True
18961,True
18962,True
18963,True
18964,True
18965,True
18966,True
18967,True
18968,True
18969,True
18970,True
19036,True
19037,True
19038,True
19039,True
19040,True
19041,True
19042,True
19043,True
19044,True
19045,True
19046,True
19047,True
19048,True
19049,True
19050,True
19051,True
19072,True
19073,True
19074,True
19075,True
19076,True
19077,True
19078,True
19079,True
19080,True
19081,True
19082,True
19083,True
19084,True
19085,True
19086,True
19087,True
19088,True
19089,True
19090,True
19091,True
19092,True
19093,True
19105,True
19106,True
19107,True
19108,True
19109,True
19110,True
19111,True
19112,True
19113,True
19114,True
19115,True
19116,True
19117,True
19118,True
19119,True
19120,True
19121,True
19122,True
19123,True
19231,True
19232,True
19233,True
19234,True
19235,True
19236,True
19237,True
19255,True
19282,True
19283,True
19284,True
19285,True
19286,True
19287,True
19288,True
19289,True
19290,True
19291,True
19292,True
19293,True
19294,True
19295,True
19296,True
19297,True
19298,True
19299,True
19300,True
19301,True
19302,True
19303,True
19304,True
19305,True
19306,True
19307,True
19308,True
19309,True
19353,True
19354,True
19355,True
19356,True
19357,True
19358,True
19480,True
19481,True
19482,True
19483,True
19484,True
19485,True
19486,True
19637,True
19638,True
19731,True
19732,True
19733,True
19734,True
19735,True
19736,True
19737,True
19738,True
19739,True
19740,True
19869,True
19870,True
19871,True
19872,True
19873,True
19874,True
19875,True
19906,True
19907,True
19908,True
19909,True
19910,True
19911,True
19912,True
19913,True
19914,True
19915,True
19916,True
19951,True
19952,True
19953,True
19954,True
19955,True
19978,True
19979,True
19980,True
19981,True
19982,True
19983,True
19984,True
19985,True
19986,True
19987,True
19988,True
19989,True
20033,True
20034,True
20035,True
20036,True
20037,True
20038,True
20039,True
20040,True
20041,True
20042,True
20043,True
20044,True
20045,True
20063,True
20064,True
20065,True
20066,True
20067,True
20068,True
20069,True
20070,True
20071,True
20072,True
20113,True
20114,True
20115,True
20116,True
20117,True
20118,True
20152,True
20153,True
20154,True
20155,True
20156,True
20157,True
20158,True
20159,True
20160,True
20161,True
20162,True
20163,True
20184,True
20186,True
20187,True
20188,True
20189,True
20190,True
20191,True
20192,True
20193,True
20194,True
20195,True
20196,True
20197,True
20198,True
20199,True
18923,False
20103,False
10352,False
8204,False
2995,False
9634,False
8881,False
6954,False
13742,False
5588,False
8614,False
19226,False
18808,False
7695,False
4967,False
5419,False
4008,False
14449,False
18025,False
20205,False
16120,False
5110,False
376,False
13341,False
10428,False
13211,False
6257,False
2628,False
8428,False
709,False
11201,False
4735,False
6695,False
6133,False
8970,False
19061,False
9159,False
17843,False
5424,False
696,False
17626,False
6355,False
13959,False
9513,False
3332,False
18957,False
20164,False
15948,False
15646,False
16618,False
4661,False
10980,False
16130,False
6632,False
18415,False
7599,False
16474,False
15622,False
6609,False
10591,False
19276,False
6654,False
6141,False
5969,False
17361,False
5931,False
14246,False
16409,False
4091,False
17684,False
20137,False
3365,False
16083,False
19589,False
9296,False
6178,False
18980,False
2515,False
18164,False
7601,False
11700,False
10902,False
6931,False
8278,False
4740,False
3209,False
19194,False
4136,False
18132,False
11315,False
11950,False
7923,False
15283,False
10673,False
7329,False
13684,False
6526,False
16035,False
236,False
12582,False
10979,False
4159,False
18074,False
8735,False
15119,False
4644,False
10537,False
3858,False
10803,False
4114,False
16451,False
18852,False
15160,False
18023,False
7552,False
15364,False
13741,False
11923,False
14516,False
7994,False
11777,False
5418,False
7071,False
17541,False
6336,False
18214,False
5590,False
4357,False
9502,False
2985,False
11698,False
2368,False
4246,False
3300,False
1801,False
14615,False
19243,False
4353,False
4843,False
8617,False
2488,False
19328,False
880,False
8185,False
17084,False
12600,False
647,False
8198,False
250,False
18741,False
4128,False
4952,False
4825,False
13801,False
2919,False
13879,False
12473,False
3291,False
20026,False
8408,False
5409,False
3123,False
19604,False
4927,False
15111,False
8012,False
16674,False
716,False
6324,False
6161,False
19710,False
15904,False
16950,False
6696,False
5464,False
19249,False
17227,False
19833,False
7162,False
16964,False
1540,False
5152,False
17856,False
12852,False
6516,False
4352,False
13774,False
1125,False
17148,False
3150,False
7132,False
5022,False
14075,False
10789,False
14852,False
18538,False
8409,False
9456,False
4359,False
12157,False
19098,False
2469,False
11183,False
13191,False
9024,False
682,False
11632,False
6168,False
11945,False
17710,False
15514,False
6312,False
12649,False
12015,False
16717,False
14491,False
7709,False
8701,False
7398,False
7262,False
18197,False
17337,False
8184,False
15481,False
19898,False
16274,False
1417,False
110,False
14038,False
15929,False
11565,False
3868,False
2253,False
10283,False
12270,False
6358,False
18072,False
3825,False
5278,False
12234,False
15459,False
14325,False
1268,False
3153,False
12961,False
11955,False
12042,False
14611,False
7687,False
15937,False
8576,False
14146,False
13336,False
922,False
10175,False
177,False
10557,False
15012,False
4978,False
18303,False
13171,False
17910,False
14257,False
19781,False
3131,False
17657,False
609,False
10578,False
10454,False
842,False
8369,False
11741,False
15275,False
5386,False
6755,False
4814,False
19847,False
6181,False
3025,False
13694,False
5778,False
13685,False
8562,False
12288,False
6077,False
18595,False
4230,False
2947,False
10810,False
8138,False
11409,False
4838,False
19248,False
1152,False
15478,False
1645,False
2354,False
19964,False
18434,False
10908,False
11441,False
6503,False
15018,False
10598,False
428,False
8263,False
20175,False
1577,False
15658,False
8507,False
11136,False
20097,False
17446,False
14697,False
612,False
13573,False
19904,False
912,False
11533,False
1291,False
3078,False
15528,False
11935,False
8324,False
7508,False
13657,False
9211,False
16002,False
15164,False
15763,False
873,False
16053,False
13308,False
7221,False
19534,False
15612,False
10881,False
13380,False
269,False
589,False
9340,False
12745,False
15857,False
17809,False
12660,False
19691,False
2615,False
12545,False
13689,False
3554,False
15565,False
13969,False
3217,False
11179,False
2772,False
184,False
1716,False
5703,False
57,False
8796,False
4560,False
7418,False
13791,False
10507,False
11292,False
11181,False
7962,False
5637,False
55,False
15720,False
10668,False
18730,False
17123,False
3097,False
7577,False
14160,False
2660,False
12475,False
16459,False
4185,False
7316,False
17267,False
5513,False
11365,False
15227,False
19128,False
1413,False
13159,False
13314,False
15384,False
6232,False
9066,False
15240,False
11284,False
2335,False
7272,False
11867,False
3707,False
11440,False
6021,False
11893,False
6113,False
2875,False
354,False
11797,False
19519,False
2531,False
4593,False
7189,False
7667,False
2898,False
8467,False
7228,False
10097,False
4315,False
9309,False
7683,False
19275,False
15746,False
2176,False
7345,False
9791,False
10940,False
18311,False
7713,False
14352,False
2805,False
5398,False
7530,False
17860,False
715,False
5381,False
19672,False
4334,False
9914,False
3375,False
2709,False
2151,False
17072,False
20029,False
244,False
19000,False
17109,False
3018,False
9856,False
5336,False
2036,False
7187,False
3818,False
10602,False
506,False
11324,False
5708,False
11418,False
5580,False
9625,False
6655,False
16303,False
13238,False
16461,False
11475,False
17603,False
16022,False
8790,False
1343,False
8450,False
14818,False
11975,False
16628,False
13165,False
4109,False
15027,False
14683,False
10124,False
7970,False
8896,False
18038,False
10295,False
2231,False
11896,False
14292,False
8623,False
18501,False
11737,False
4363,False
7170,False
10973,False
7445,False
10901,False
10387,False
11068,False
8799,False
20012,False
19034,False
17600,False
6239,False
12193,False
5919,False
9364,False
5173,False
19214,False
19512,False
8556,False
360,False
9644,False
2776,False
15675,False
18051,False
11070,False
2657,False
12576,False
13618,False
9098,False
14082,False
12638,False
1352,False
6579,False
17511,False
5019,False
14407,False
12086,False
18542,False
5929,False
11833,False
687,False
2144,False
19633,False
8018,False
9558,False
9720,False
19579,False
7212,False
6228,False
5763,False
10414,False
15951,False
6992,False
656,False
17508,False
7206,False
2593,False
14394,False
5033,False
7074,False
12326,False
4067,False
966,False
20218,False
12751,False
19019,False
13604,False
19793,False
12153,False
2497,False
9548,False
14438,False
13650,False
3893,False
15123,False
8713,False
6976,False
12676,False
15808,False
16709,False
14633,False
18215,False
1055,False
5599,False
15694,False
581,False
8361,False
13434,False
8792,False
685,False
15066,False
2910,False
822,False
1574,False
9051,False
16586,False
15824,False
10302,False
15363,False
277,False
12390,False
7336,False
19319,False
19330,False
3567,False
6668,False
14175,False
15883,False
14486,False
19099,False
7797,False
3477,False
8521,False
8471,False
378,False
5023,False
18496,False
15329,False
3212,False
14327,False
5982,False
13410,False
19942,False
7783,False
9515,False
13447,False
9175,False
13591,False
10417,False
2588,False
1094,False
19631,False
19387,False
17847,False
5670,False
1072,False
12311,False
19925,False
2280,False
6509,False
14018,False
7593,False
8527,False
14436,False
12959,False
9061,False
16061,False
6862,False
13467,False
6850,False
16553,False
19008,False
9171,False
2869,False
1156,False
16071,False
11631,False
5389,False
13507,False
19383,False
13663,False
8893,False
8094,False
2883,False
6445,False
8579,False
13576,False
5788,False
3083,False
19452,False
19673,False
8182,False
13444,False
16846,False
7940,False
12154,False
15373,False
3107,False
1922,False
431,False
16661,False
2466,False
3675,False
5663,False
7173,False
1891,False
4728,False
5169,False
994,False
3050,False
6759,False
20008,False
6619,False
1550,False
8608,False
1610,False
17917,False
19746,False
17052,False
4976,False
18680,False
9846,False
5416,False
1997,False
17413,False
15621,False
14283,False
2181,False
1499,False
6499,False
5344,False
12980,False
7919,False
3861,False
12256,False
8739,False
18657,False
8946,False
660,False
11083,False
474,False
13499,False
15049,False
2426,False
11605,False
3007,False
18663,False
10532,False
5076,False
2938,False
4598,False
15724,False
3202,False
20088,False
18160,False
18553,False
14071,False
19145,False
9865,False
13824,False
5064,False
5950,False
10599,False
1150,False
6297,False
17152,False
18503,False
2687,False
4133,False
2326,False
17432,False
6934,False
4853,False
5247,False
4589,False
426,False
12398,False
2320,False
14048,False
11225,False
580,False
3915,False
10906,False
15104,False
4060,False
7641,False
19628,False
10774,False
16060,False
3480,False
10880,False
7729,False
17608,False
4731,False
13155,False
16036,False
7629,False
6382,False
3456,False
2696,False
6030,False
6046,False
1858,False
10442,False
1246,False
9534,False
381,False
12468,False
1621,False
8989,False
5951,False
12687,False
7936,False
3037,False
980,False
15535,False
4947,False
11026,False
15506,False
9087,False
10539,False
11697,False
20120,False
6401,False
20119,False
3134,False
14608,False
18667,False
6761,False
13866,False
16109,False
5835,False
1126,False
17219,False
11971,False
12973,False
12850,False
782,False
20093,False
600,False
10535,False
8379,False
1243,False
3663,False
19825,False
192,False
1607,False
8818,False
9085,False
18752,False
5493,False
18986,False
3080,False
15225,False
13369,False
5154,False
4611,False
8841,False
11003,False
18746,False
864,False
18430,False
14831,False
15254,False
17882,False
11004,False
19902,False
264,False
16776,False
2858,False
19336,False
3339,False
7611,False
5052,False
9547,False
258,False
14665,False
2145,False
14588,False
4553,False
16234,False
16185,False
14161,False
15325,False
3702,False
13388,False
2388,False
16072,False
11293,False
17239,False
24,False
6495,False
8596,False
15743,False
5109,False
4465,False
14613,False
1910,False
8729,False
6663,False
4386,False
10956,False
17890,False
17873,False
1501,False
9152,False
4515,False
17012,False
8081,False
6240,False
5566,False
19862,False
11989,False
10596,False
19811,False
11623,False
17168,False
15638,False
15017,False
18455,False
7169,False
6245,False
13924,False
5157,False
12199,False
19839,False
18499,False
6815,False
1552,False
14863,False
10808,False
3867,False
8532,False
5341,False
11684,False
2197,False
20104,False
14908,False
9206,False
11091,False
10939,False
11532,False
4261,False
888,False
3741,False
14740,False
14646,False
16080,False
10820,False
2974,False
16913,False
16380,False
14952,False
15609,False
4317,False
19822,False
1422,False
4332,False
9410,False
2842,False
18843,False
2768,False
12843,False
8367,False
17848,False
1412,False
9408,False
5227,False
7676,False
6430,False
9299,False
537,False
13775,False
9114,False
4730,False
4586,False
13112,False
35,False
13069,False
15303,False
6351,False
3295,False
9465,False
8154,False
2034,False
18359,False
5632,False
1735,False
19780,False
17281,False
12440,False
4710,False
15413,False
3388,False
7569,False
3912,False
16837,False
16198,False
5438,False
11236,False
6402,False
9813,False
3904,False
13936,False
12078,False
19540,False
13318,False
4914,False
19527,False
16960,False
13375,False
4827,False
14686,False
11897,False
4443,False
17790,False
6576,False
17191,False
6410,False
15043,False
14301,False
9821,False
8877,False
11346,False
879,False
3976,False
19413,False
741,False
20181,False
11261,False
13176,False
10592,False
1396,False
7215,False
14375,False
18442,False
13363,False
7532,False
5370,False
3934,False
16076,False
20132,False
15374,False
14306,False
5070,False
19424,False
8060,False
14221,False
1973,False
16752,False
1522,False
17507,False
9937,False
2724,False
7805,False
8293,False
1259,False
7220,False
1002,False
19794,False
17347,False
12467,False
19867,False
1983,False
13169,False
16342,False
5584,False
16091,False
3894,False
11208,False
13769,False
18904,False
16570,False
15156,False
6517,False
1162,False
9999,False
19683,False
19014,False
3499,False
8734,False
3947,False
5314,False
19659,False
8703,False
9115,False
7985,False
6353,False
2853,False
2698,False
16410,False
7273,False
5053,False
7406,False
2614,False
15301,False
19889,False
1593,False
1867,False
8427,False
9541,False
14496,False
16229,False
10294,False
12478,False
238,False
20060,False
15114,False
8318,False
6913,False
3203,False
470,False
914,False
13779,False
12096,False
10776,False
10127,False
4886,False
11973,False
2172,False
17918,False
14698,False
15131,False
14979,False
16188,False
114,False
127,False
18049,False
12635,False
13485,False
13226,False
19897,False
15139,False
4654,False
16780,False
2031,False
4347,False
8111,False
14439,False
9882,False
12583,False
1535,False
3701,False
4959,False
8795,False
2304,False
17901,False
8248,False
11920,False
17280,False
14343,False
5634,False
15345,False
6066,False
2920,False
7556,False
15543,False
11030,False
472,False
16788,False
12612,False
17667,False
17701,False
4088,False
1220,False
781,False
19957,False
19640,False
13701,False
956,False
16772,False
5184,False
3628,False
8271,False
16555,False
13699,False
6306,False
8009,False
13292,False
19055,False
6902,False
18655,False
16666,False
6372,False
7956,False
9157,False
3743,False
8436,False
14061,False
7399,False
12677,False
3380,False
9983,False
20122,False
18409,False
2188,False
1590,False
10829,False
18186,False
72,False
2715,False
18394,False
8759,False
15092,False
12614,False
1786,False
8624,False
7562,False
16842,False
16021,False
6705,False
4699,False
17573,False
9094,False
17542,False
1733,False
17240,False
7531,False
1659,False
324,False
1731,False
17683,False
9305,False
16037,False
6737,False
1660,False
4251,False
5332,False
4161,False
14131,False
6657,False
6525,False
9057,False
8230,False
2016,False
14851,False
2260,False
2230,False
6473,False
5932,False
1431,False
74,False
5744,False
18143,False
742,False
4863,False
2099,False
17305,False
5755,False
3705,False
12578,False
15272,False
15639,False
15155,False
5108,False
3541,False
6045,False
15422,False
5430,False
15041,False
4833,False
12853,False
5423,False
20022,False
16502,False
15965,False
8667,False
10618,False
7666,False
7854,False
16081,False
1629,False
6894,False
9892,False
12221,False
17092,False
8706,False
13932,False
8422,False
12673,False
1507,False
14666,False
17617,False
11044,False
16916,False
17912,False
8007,False
382,False
3521,False
15434,False
5326,False
10619,False
1993,False
10405,False
19429,False
6748,False
4913,False
2272,False
15159,False
26,False
7077,False
16287,False
995,False
14467,False
59,False
5072,False
1903,False
15323,False
11544,False
5635,False
2068,False
164,False
20025,False
7644,False
1513,False
19643,False
6448,False
2559,False
290,False
19712,False
13111,False
20092,False
17517,False
5595,False
4522,False
18300,False
517,False
14243,False
2412,False
5399,False
10490,False
9500,False
866,False
6878,False
9215,False
15087,False
8549,False
13478,False
13515,False
466,False
4462,False
16657,False
8308,False
6587,False
2162,False
3936,False
15096,False
1794,False
5075,False
19593,False
19768,False
1450,False
9473,False
9743,False
14039,False
10721,False
4184,False
15960,False
20215,False
5725,False
7204,False
6110,False
13343,False
16536,False
16802,False
7721,False
3208,False
9864,False
3445,False
15093,False
17469,False
5237,False
13151,False
11530,False
20131,False
7167,False
7323,False
12518,False
12295,False
14872,False
9360,False
9897,False
15807,False
14224,False
7967,False
6829,False
15068,False
10197,False
8178,False
8559,False
4954,False
9585,False
1142,False
5609,False
12567,False
14514,False
251,False
17639,False
14595,False
16133,False
13964,False
7347,False
152,False
15220,False
6234,False
1569,False
12783,False
20049,False
10369,False
714,False
430,False
4227,False
1995,False
12432,False
17013,False
18613,False
3120,False
1395,False
13320,False
18492,False
11255,False
8468,False
4715,False
16335,False
893,False
4955,False
19928,False
4738,False
19855,False
3036,False
6629,False
10241,False
16765,False
15852,False
8492,False
4391,False
12606,False
8554,False
19933,False
4092,False
19803,False
11986,False
14339,False
16214,False
7780,False
12789,False
7194,False
9650,False
7693,False
2349,False
10425,False
11547,False
15509,False
15245,False
5145,False
5520,False
16115,False
2893,False
5556,False
18572,False
15371,False
15810,False
19648,False
5961,False
16217,False
17675,False
10376,False
4197,False
2228,False
18933,False
9684,False
6339,False
11337,False
3609,False
5148,False
10506,False
15483,False
4474,False
4819,False
3694,False
10550,False
1124,False
2135,False
1012,False
13520,False
10505,False
13346,False
5388,False
16241,False
20046,False
13438,False
11005,False
9318,False
16406,False
18405,False
18358,False
17866,False
16979,False
2480,False
15107,False
2219,False
4399,False
11043,False
17228,False
13792,False
15350,False
11154,False
629,False
10018,False
4983,False
16450,False
10262,False
15812,False
12690,False
4189,False
17496,False
9511,False
8163,False
14130,False
17492,False
4432,False
14110,False
13316,False
479,False
7350,False
11034,False
13641,False
11951,False
8732,False
19641,False
552,False
3630,False
10207,False
13743,False
14834,False
18121,False
17821,False
6693,False
19884,False
15832,False
8164,False
13449,False
11470,False
16127,False
7201,False
7558,False
11794,False
3865,False
3043,False
7617,False
14922,False
13638,False
18920,False
8678,False
17309,False
11465,False
3046,False
5455,False
4518,False
1803,False
11221,False
1837,False
9545,False
2433,False
11098,False
1297,False
16977,False
13804,False
18138,False
6997,False
6906,False
8502,False
19002,False
19542,False
15136,False
19224,False
11865,False
2475,False
11094,False
16169,False
5094,False
7389,False
6186,False
6559,False
2330,False
15045,False
15174,False
18400,False
8161,False
14917,False
7051,False
718,False
13513,False
14548,False
14377,False
9977,False
6941,False
15579,False
4402,False
1820,False
527,False
12474,False
4152,False
10563,False
19835,False
11775,False
11596,False
13911,False
9652,False
7968,False
14462,False
17424,False
18107,False
18760,False
5371,False
17503,False
18189,False
2782,False
13643,False
6096,False
4607,False
19891,False
2852,False
17785,False
3731,False
18001,False
10641,False
511,False
7946,False
10365,False
7315,False
19636,False
2234,False
6320,False
3371,False
5839,False
5472,False
7143,False
4725,False
10900,False
1455,False
1881,False
16792,False
3986,False
16014,False
1214,False
20208,False
8429,False
14617,False
15141,False
11176,False
2745,False
8747,False
5508,False
10663,False
14060,False
10737,False
8566,False
6760,False
14247,False
3638,False
16044,False
4479,False
8245,False
28,False
5383,False
401,False
16961,False
11224,False
13789,False
19926,False
4388,False
11075,False
1521,False
11298,False
3881,False
14355,False
8123,False
4436,False
13716,False
3864,False
6523,False
12984,False
18504,False
8557,False
3440,False
18060,False
2873,False
14391,False
4780,False
15127,False
6616,False
1954,False
18810,False
1434,False
10877,False
6268,False
16881,False
13452,False
5630,False
12977,False
6424,False
12765,False
10001,False
13639,False
8824,False
2926,False
16783,False
7862,False
17348,False
10481,False
11147,False
14319,False
5902,False
7675,False
5096,False
18008,False
29,False
3549,False
18795,False
12061,False
3149,False
3489,False
13917,False
6025,False
7604,False
10330,False
16713,False
3498,False
13890,False
14271,False
12389,False
9071,False
6678,False
18134,False
7758,False
7480,False
6614,False
16221,False
14678,False
10453,False
6788,False
11437,False
1318,False
2994,False
7664,False
8074,False
6856,False
9083,False
4263,False
11981,False
3318,False
17566,False
16111,False
10787,False
15387,False
8953,False
5500,False
10412,False
10293,False
4116,False
19956,False
12957,False
5930,False
2089,False
18123,False
5905,False
751,False
12242,False
3875,False
17784,False
8057,False
7334,False
6119,False
12859,False
11827,False
17006,False
11406,False
5509,False
14112,False
19435,False
13768,False
4140,False
12430,False
9505,False
7409,False
3367,False
7752,False
17175,False
8523,False
3099,False
1315,False
9772,False
11369,False
14991,False
11585,False
8306,False
12728,False
38,False
5085,False
3226,False
4123,False
16833,False
19153,False
3251,False
11040,False
9467,False
4121,False
2826,False
12590,False
6165,False
18555,False
3235,False
15050,False
7014,False
1543,False
4104,False
12261,False
16625,False
17074,False
8913,False
15391,False
11636,False
16361,False
15523,False
8564,False
862,False
6977,False
13861,False
6605,False
17543,False
15676,False
17982,False
4204,False
15882,False
19893,False
736,False
1054,False
8006,False
15126,False
11189,False
15476,False
15147,False
14992,False
3350,False
7773,False
9668,False
15352,False
16721,False
16093,False
3022,False
12031,False
18823,False
20096,False
1617,False
9018,False
5498,False
6368,False
14081,False
8062,False
9934,False
7144,False
17512,False
16321,False
12610,False
1678,False
15902,False
18159,False
1875,False
13074,False
11597,False
12372,False
6727,False
10119,False
927,False
12133,False
19100,False
9342,False
18999,False
18787,False
534,False
19950,False
3284,False
3645,False
4818,False
9143,False
14215,False
2035,False
13912,False
14739,False
11323,False
4421,False
10732,False
9357,False
9097,False
8108,False
19554,False
5885,False
17389,False
2277,False
5716,False
9594,False
5224,False
19724,False
8373,False
16832,False
2446,False
13160,False
7328,False
2416,False
15858,False
10155,False
14925,False
5860,False
13236,False
1868,False
10084,False
15551,False
104,False
17741,False
2510,False
9643,False
6019,False
3283,False
8773,False
10825,False
12314,False
5380,False
18847,False
6591,False
5581,False
7033,False
648,False
17929,False
16831,False
12970,False
5027,False
13931,False
4940,False
4014,False
14500,False
18333,False
5710,False
8405,False
16377,False
16606,False
3807,False
18603,False
3128,False
2087,False
7541,False
3939,False
9675,False
4525,False
10822,False
2309,False
13453,False
1544,False
15601,False
5241,False
18451,False
13428,False
13811,False
5456,False
1734,False
15835,False
9601,False
8115,False
18864,False
17589,False
10978,False
4435,False
11835,False
15834,False
19513,False
287,False
14412,False
4671,False
18858,False
12827,False
12093,False
11145,False
8089,False
19211,False
16879,False
18805,False
11318,False
9409,False
12456,False
17087,False
6190,False
16162,False
15695,False
15877,False
10087,False
2569,False
14546,False
8319,False
4939,False
18870,False
15427,False
780,False
17057,False
15690,False
1698,False
15151,False
7223,False
12377,False
19970,False
19561,False
11676,False
186,False
9388,False
16874,False
16132,False
6073,False
14963,False
12757,False
6504,False
6164,False
7400,False
16921,False
12898,False
11750,False
14712,False
20111,False
6880,False
13041,False
16296,False
6359,False
8229,False
6233,False
5179,False
15268,False
9334,False
14544,False
15898,False
15390,False
3564,False
11693,False
4592,False
5684,False
4071,False
6801,False
327,False
20006,False
4946,False
3106,False
17869,False
2632,False
8332,False
7539,False
6986,False
18245,False
97,False
15274,False
14374,False
17509,False
643,False
70,False
7311,False
16981,False
12263,False
13616,False
592,False
19416,False
15846,False
11110,False
5086,False
8503,False
7444,False
5302,False
3665,False
10205,False
17687,False
19854,False
16373,False
15822,False
4775,False
16945,False
6431,False
9398,False
18081,False
20014,False
14019,False
17570,False
3852,False
19878,False
18325,False
6149,False
7672,False
5185,False
2386,False
8858,False
4011,False
18228,False
2482,False
8088,False
1579,False
16228,False
286,False
15722,False
3042,False
13387,False
9624,False
5357,False
4335,False
17232,False
8005,False
19449,False
6035,False
10348,False
7564,False
831,False
4186,False
8758,False
5642,False
12858,False
11889,False
903,False
17021,False
14034,False
15173,False
12257,False
884,False
14524,False
2455,False
2825,False
15862,False
14201,False
16183,False
13992,False
1724,False
7048,False
1290,False
18685,False
6427,False
6435,False
8524,False
19054,False
6314,False
18296,False
10158,False
19225,False
10027,False
1570,False
18700,False
6607,False
7133,False
12691,False
5644,False
9121,False
115,False
4934,False
3787,False
14586,False
17577,False
18299,False
954,False
11421,False
18707,False
2729,False
16614,False
14309,False
11964,False
18408,False
2989,False
5308,False
11237,False
3918,False
108,False
18219,False
4318,False
12979,False
4468,False
15212,False
19415,False
4732,False
5752,False
6738,False
478,False
13970,False
15090,False
1217,False
19251,False
6848,False
19666,False
2526,False
13519,False
14602,False
7623,False
6038,False
7267,False
6999,False
19627,False
9801,False
5037,False
5629,False
12931,False
9722,False
10438,False
7246,False
10972,False
10066,False
9187,False
15435,False
6643,False
6987,False
1070,False
3504,False
8460,False
14911,False
2385,False
17616,False
13223,False
1606,False
15153,False
5522,False
13213,False
17180,False
13589,False
6659,False
9140,False
907,False
7738,False
14468,False
531,False
8232,False
6700,False
13785,False
9508,False
4754,False
19660,False
18508,False
1006,False
2766,False
4143,False
5854,False
16656,False
12624,False
19882,False
16839,False
6434,False
15686,False
7756,False
2886,False
15741,False
11256,False
10065,False
4183,False
4931,False
19962,False
4549,False
14749,False
16883,False
16700,False
14674,False
8610,False
8715,False
5916,False
6905,False
5718,False
668,False
19494,False
11748,False
4594,False
627,False
1832,False
4456,False
4406,False
2355,False
16238,False
18564,False
14321,False
9746,False
3963,False
5697,False
10410,False
18711,False
6891,False
1139,False
7153,False
16766,False
9815,False
7895,False
5882,False
1834,False
6813,False
4095,False
10296,False
17056,False
3684,False
1989,False
122,False
2064,False
5182,False
599,False
12250,False
1531,False
15577,False
2509,False
1160,False
15054,False
9744,False
9841,False
11944,False
5622,False
12953,False
5856,False
5639,False
20142,False
3258,False
3965,False
14348,False
659,False
9890,False
13882,False
17879,False
17097,False
6648,False
4206,False
1309,False
11976,False
20007,False
14116,False
11071,False
3403,False
17974,False
2341,False
19146,False
19545,False
15792,False
3023,False
2944,False
17994,False
7218,False
16767,False
9590,False
2471,False
14047,False
14304,False
20127,False
6980,False
10885,False
5321,False
12339,False
8695,False
19461,False
19828,False
9002,False
4958,False
4276,False
11253,False
8416,False
8609,False
14414,False
9965,False
2333,False
14899,False
20076,False
6524,False
3140,False
2891,False
10056,False
2663,False
15881,False
16734,False
14792,False
3776,False
19315,False
16288,False
1827,False
15833,False
8969,False
6942,False
17198,False
11117,False
6630,False
15249,False
7957,False
7907,False
16727,False
19783,False
3600,False
13669,False
3349,False
19096,False
9947,False
17586,False
3519,False
6160,False
5446,False
16621,False
13899,False
11311,False
7171,False
2815,False
18421,False
13100,False
8866,False
5829,False
12868,False
15025,False
4375,False
1690,False
3786,False
14811,False
20134,False
14256,False
9112,False
6754,False
15085,False
13788,False
403,False
7996,False
13816,False
1356,False
18507,False
737,False
860,False
1627,False
8548,False
1791,False
2420,False
10804,False
14717,False
19859,False
15103,False
2235,False
150,False
11231,False
2537,False
9289,False
5295,False
17322,False
10299,False
4120,False
18445,False
750,False
19943,False
5429,False
11738,False
5943,False
18911,False
10193,False
10559,False
9646,False
16411,False
10272,False
15251,False
19261,False
9621,False
15161,False
13516,False
9957,False
1756,False
13670,False
40,False
10469,False
14637,False
15421,False
4209,False
2941,False
2592,False
8869,False
10191,False
19714,False
2220,False
11549,False
2889,False
514,False
4848,False
905,False
4962,False
13568,False
2291,False
710,False
11279,False
18839,False
18776,False
5654,False
18765,False
19799,False
9995,False
17104,False
7760,False
19023,False
4407,False
9028,False
11416,False
1219,False
3734,False
15109,False
19182,False
11055,False
2086,False
18109,False
17769,False
20174,False
2458,False
3730,False
5082,False
10495,False
13790,False
11574,False
9540,False
3364,False
18579,False
17289,False
15291,False
12404,False
17186,False
11734,False
14533,False
9304,False
5180,False
3030,False
19502,False
9831,False
11385,False
18620,False
9738,False
5512,False
6328,False
10171,False
12557,False
16018,False
6752,False
545,False
3824,False
15444,False
13350,False
15566,False
2203,False
10781,False
4991,False
11979,False
2166,False
1250,False
4404,False
5947,False
16312,False
10306,False
9879,False
10178,False
3758,False
6097,False
12312,False
11892,False
1022,False
4714,False
744,False
11743,False
3055,False
3886,False
3790,False
2514,False
18738,False
8873,False
9817,False
5971,False
3556,False
13372,False
10100,False
346,False
7026,False
15168,False
10002,False
2746,False
10968,False
3233,False
11579,False
15477,False
3909,False
18505,False
16308,False
3711,False
13409,False
13994,False
13067,False
18938,False
5084,False
11106,False
121,False
224,False
2163,False
8788,False
15762,False
9138,False
11483,False
19667,False
13656,False
4006,False
5790,False
11272,False
17584,False
13501,False
9855,False
20225,False
19635,False
3422,False
17774,False
14051,False
7565,False
180,False
19826,False
9992,False
8584,False
11661,False
17352,False
5890,False
18398,False
15884,False
16346,False
19817,False
8748,False
8106,False
19386,False
17871,False
5567,False
11502,False
3179,False
13603,False
16230,False
12503,False
8144,False
5769,False
10356,False
337,False
10503,False
19396,False
9001,False
5325,False
18064,False
8705,False
8704,False
6486,False
8277,False
19017,False
5396,False
15177,False
7627,False
17515,False
17721,False
18929,False
9783,False
71,False
18628,False
8140,False
2217,False
6497,False
10123,False
17840,False
14652,False
2496,False
1747,False
13472,False
9776,False
4139,False
14282,False
19749,False
11209,False
1558,False
734,False
15734,False
2239,False
6994,False
6299,False
11141,False
16300,False
7813,False
11850,False
8760,False
19786,False
19188,False
2499,False
7351,False
7662,False
6908,False
3876,False
3563,False
8750,False
182,False
8719,False
11564,False
1556,False
5659,False
15645,False
15236,False
15162,False
7358,False
15600,False
2665,False
19963,False
14294,False
13979,False
19011,False
8842,False
4995,False
7070,False
6039,False
14795,False
12764,False
10458,False
13695,False
10817,False
8772,False
15836,False
5545,False
1633,False
3096,False
18307,False
5000,False
3237,False
6034,False
7698,False
5428,False
12391,False
14828,False
8983,False
17660,False
11828,False
15550,False
7745,False
756,False
5910,False
18113,False
1348,False
7732,False
9832,False
6749,False
2672,False
8857,False
20232,False
17736,False
13855,False
5039,False
17633,False
8854,False
265,False
18971,False
13279,False
19473,False
762,False
17538,False
13787,False
8336,False
18821,False
4981,False
5235,False
9861,False
7370,False
14833,False
12790,False
12620,False
15029,False
20130,False
16024,False
4851,False
4826,False
17597,False
19178,False
20052,False
16463,False
15016,False
11952,False
10452,False
16453,False
12820,False
9657,False
14644,False
9386,False
2154,False
7296,False
5468,False
19578,False
9025,False
10709,False
13440,False
18576,False
17519,False
10597,False
7958,False
3576,False
3739,False
4957,False
4307,False
9017,False
5897,False
14372,False
18119,False
14057,False
19222,False
1976,False
1632,False
17357,False
6029,False
9327,False
19858,False
11799,False
8315,False
1644,False
16608,False
3888,False
949,False
5172,False
422,False
20061,False
5562,False
14747,False
6493,False
6272,False
17426,False
11871,False
5142,False
3396,False
2682,False
18056,False
7271,False
18774,False
2536,False
12222,False
2933,False
16460,False
817,False
18539,False
5402,False
17648,False
13439,False
11185,False
96,False
1600,False
18399,False
190,False
7136,False
3073,False
16962,False
1994,False
7373,False
16413,False
11299,False
19165,False
6252,False
3143,False
4228,False
6802,False
9421,False
8122,False
16125,False
176,False
2066,False
5406,False
12592,False
12084,False
3038,False
1103,False
15555,False
12711,False
9902,False
17270,False
1921,False
3610,False
10991,False
4019,False
10336,False
7900,False
11569,False
2372,False
12531,False
4264,False
3979,False
473,False
1679,False
18582,False
8812,False
4050,False
16215,False
222,False
12437,False
15023,False
9074,False
3044,False
11046,False
19371,False
13698,False
4336,False
1207,False
4880,False
3261,False
15358,False
6114,False
19457,False
19474,False
11577,False
16310,False
16216,False
10162,False
18118,False
1273,False
1971,False
18987,False
5280,False
2288,False
1619,False
15439,False
14012,False
5174,False
4701,False
6912,False
9,False
15121,False
3885,False
17526,False
2210,False
11149,False
2727,False
9845,False
17855,False
14540,False
771,False
1761,False
10605,False
3306,False
10105,False
17256,False
7579,False
19201,False
8567,False
11431,False
9549,False
10667,False
15922,False
13761,False
3855,False
19492,False
20107,False
13733,False
11688,False
5311,False
12081,False
13174,False
1545,False
5852,False
12971,False
7910,False
6547,False
18509,False
12013,False
12465,False
3124,False
10108,False
19717,False
4979,False
15967,False
11155,False
8942,False
9739,False
13359,False
15767,False
11438,False
8207,False
1807,False
2237,False
10899,False
9170,False
15865,False
14223,False
12943,False
7059,False
6554,False
18039,False
10335,False
7210,False
12101,False
15679,False
19549,False
672,False
17768,False
7265,False
7753,False
9778,False
11899,False
17537,False
5712,False
12929,False
12733,False
3281,False
13183,False
2718,False
10367,False
16698,False
4312,False
1539,False
11076,False
11568,False
2067,False
8582,False
7864,False
4319,False
5274,False
3225,False
17957,False
19701,False
6608,False
9843,False
17995,False
2316,False
1974,False
1349,False
6319,False
16006,False
3796,False
195,False
14661,False
8882,False
5373,False
2261,False
12761,False
15011,False
992,False
12618,False
6975,False
16797,False
14358,False
12492,False
19876,False
11607,False
10374,False
11592,False
13103,False
8789,False
1616,False
4118,False
15142,False
15706,False
10805,False
8661,False
4101,False
19668,False
9205,False
7513,False
18230,False
11479,False
7030,False
2881,False
16528,False
12380,False
8811,False
18420,False
16239,False
14308,False
15233,False
16025,False
17823,False
20169,False
19565,False
4314,False
18749,False
18412,False
5633,False
19851,False
8518,False
7231,False
4859,False
3878,False
1722,False
16694,False
12524,False
2179,False
13045,False
20059,False
6394,False
12693,False
625,False
5195,False
8214,False
18906,False
14162,False
6766,False
416,False
17759,False
2175,False
17445,False
14839,False
4513,False
18828,False
9904,False
5656,False
1145,False
17196,False
7397,False
18692,False
8682,False
3699,False
12586,False
7638,False
1011,False
6191,False
4637,False
3279,False
19941,False
7898,False
19814,False
15885,False
5965,False
944,False
13717,False
18381,False
14819,False
9192,False
4606,False
8512,False
19187,False
4599,False
17217,False
9202,False
13288,False
1503,False
10407,False
17864,False
20050,False
15533,False
1688,False
7952,False
5846,False
13986,False
15903,False
19464,False
15124,False
18616,False
11609,False
14916,False
10409,False
18675,False
7327,False
4134,False
15257,False
12094,False
6635,False
8821,False
3897,False
68,False
16851,False
12602,False
6391,False
16757,False
17726,False
14966,False
3177,False
16880,False
46,False
11427,False
1241,False
5266,False
16129,False
653,False
14504,False
850,False
13856,False
11562,False
8895,False
14671,False
11686,False
4596,False
10818,False
2100,False
17625,False
8209,False
2993,False
8971,False
3455,False
19373,False
3636,False
1509,False
12029,False
11656,False
16015,False
1121,False
1823,False
11817,False
1068,False
11651,False
12974,False
13037,False
9088,False
13290,False
6620,False
6690,False
1026,False
9478,False
19510,False
11162,False
10276,False
12976,False
5475,False
7496,False
1982,False
15447,False
10638,False
19056,False
15596,False
4301,False
11093,False
9506,False
1147,False
853,False
13735,False
6622,False
4850,False
509,False
14987,False
2015,False
6839,False
15215,False
11258,False
8368,False
19856,False
13396,False
11805,False
4993,False
5514,False
9649,False
3616,False
15901,False
11498,False
19767,False
6757,False
4452,False
16955,False
10905,False
2477,False
4690,False
1302,False
17836,False
11680,False
12200,False
9700,False
19263,False
15879,False
1245,False
2221,False
12,False
458,False
6176,False
642,False
10575,False
17645,False
3017,False
1737,False
623,False
12609,False
6512,False
8475,False
5228,False
15751,False
7354,False
17656,False
5759,False
10099,False
13965,False
10633,False
10366,False
17691,False
10086,False
3584,False
7515,False
18224,False
17728,False
5653,False
1167,False
5166,False
14045,False
8988,False
5088,False
468,False
19337,False
6371,False
15367,False
4651,False
1014,False
8310,False
5761,False
3581,False
5017,False
10307,False
11768,False
15296,False
8798,False
2009,False
9638,False
6596,False
456,False
10419,False
7492,False
6900,False
1553,False
16520,False
7784,False
17059,False
12604,False
5140,False
1821,False
3964,False
12098,False
1463,False
10577,False
3406,False
16376,False
13860,False
5523,False
4817,False
7021,False
11669,False
3821,False
20245,False
2171,False
11310,False
6658,False
16801,False
2890,False
3783,False
7807,False
6488,False
15360,False
19586,False
13330,False
16807,False
16001,False
4974,False
16812,False
16372,False
11677,False
19380,False
10558,False
14460,False
13225,False
3872,False
17234,False
18854,False
16266,False
4439,False
19644,False
10995,False
10243,False
12484,False
3011,False
6244,False
9955,False
15019,False
5510,False
7050,False
5221,False
19067,False
10614,False
5821,False
17007,False
6390,False
7168,False
5130,False
9796,False
19597,False
6562,False
9858,False
5824,False
13673,False
11587,False
8375,False
11392,False
17915,False
1021,False
18832,False
11269,False
9288,False
5391,False
1990,False
18740,False
10754,False
8500,False
14464,False
7677,False
12781,False
10322,False
11559,False
5559,False
19784,False
6016,False
17351,False
15228,False
19208,False
1213,False
18271,False
11166,False
19865,False
5133,False
9341,False
19164,False
12247,False
13326,False
13654,False
6823,False
18457,False
4792,False
7469,False
377,False
14165,False
11904,False
5153,False
1016,False
4182,False
1161,False
6915,False
8395,False
13441,False
5025,False
9072,False
13282,False
14495,False
14681,False
6298,False
2693,False
14091,False
2916,False
14980,False
7017,False
10117,False
4275,False
14027,False
14552,False
3992,False
18264,False
937,False
9209,False
6381,False
6264,False
14434,False
3557,False
8520,False
7527,False
830,False
6580,False
4509,False
10353,False
3374,False
11473,False
19012,False
151,False
8583,False
2694,False
17319,False
14941,False
15279,False
19938,False
5131,False
833,False
2754,False
15398,False
867,False
15673,False
11604,False
8774,False
18928,False
11844,False
8384,False
10081,False
8149,False
8820,False
693,False
5450,False
546,False
146,False
11625,False
1582,False
5226,False
5183,False
9452,False
11855,False
19418,False
8722,False
19849,False
9469,False
2587,False
16503,False
6937,False
8390,False
19400,False
17758,False
5551,False
13358,False
10470,False
460,False
10862,False
16702,False
6728,False
11895,False
417,False
13828,False
20094,False
2042,False
10122,False
17998,False
2389,False
3850,False
13073,False
7520,False
12232,False
13973,False
19990,False
13677,False
12919,False
1027,False
18859,False
13675,False
17220,False
3516,False
3436,False
7465,False
14368,False
17773,False
9954,False
15936,False
2894,False
7876,False
14000,False
3369,False
1324,False
12087,False
16177,False
2972,False
2778,False
5127,False
3101,False
13221,False
8791,False
1996,False
15735,False
9929,False
18946,False
2185,False
7245,False
11319,False
17048,False
5970,False
11870,False
11724,False
467,False
1154,False
13752,False
9329,False
5678,False
976,False
19662,False
15276,False
17797,False
2979,False
14847,False
8688,False
10446,False
9301,False
9630,False
3800,False
15317,False
5652,False
12466,False
12946,False
1410,False
17926,False
2050,False
5722,False
12322,False
11100,False
1584,False
2233,False
16186,False
17574,False
14422,False
5146,False
11837,False
14267,False
1643,False
10384,False
11027,False
808,False
16590,False
17878,False
5400,False
14861,False
4998,False
13765,False
18411,False
17181,False
11329,False
12778,False
4511,False
6065,False
12560,False
17807,False
14250,False
5830,False
19390,False
14095,False
8399,False
3246,False
9939,False
4446,False
3646,False
15230,False
18618,False
2048,False
4374,False
7646,False
4470,False
7705,False
4098,False
14487,False
8296,False
10474,False
7044,False
15221,False
14353,False
15827,False
12451,False
975,False
6363,False
13975,False
10467,False
7809,False
8612,False
9777,False
20217,False
19068,False
18972,False
16423,False
18835,False
1685,False
12771,False
3669,False
6308,False
9742,False
1826,False
11853,False
7942,False
9155,False
6981,False
19591,False
16382,False
14738,False
15115,False
6849,False
15644,False
5291,False
18954,False
9747,False
7722,False
10317,False
17273,False
18046,False
19960,False
10966,False
9984,False
8934,False
5194,False
1991,False
10280,False
11054,False
4020,False
2690,False
14914,False
12245,False
17071,False
6159,False
10120,False
16455,False
15234,False
3693,False
1056,False
8522,False
2747,False
15206,False
4028,False
1578,False
19168,False
10077,False
17555,False
4108,False
19174,False
15154,False
7066,False
17644,False
8664,False
19713,False
16612,False
10488,False
14796,False
12683,False
4467,False
13720,False
10671,False
11362,False
17049,False
359,False
13863,False
10937,False
7881,False
735,False
20167,False
14200,False
4266,False
19322,False
18754,False
19377,False
636,False
13430,False
10471,False
19864,False
18797,False
586,False
18785,False
15281,False
17776,False
3803,False
14921,False
7140,False
17867,False
261,False
17205,False
1505,False
2030,False
14823,False
5290,False
9292,False
1719,False
9135,False
18083,False
13431,False
14624,False
13227,False
6049,False
18161,False
7458,False
5791,False
18295,False
18812,False
11941,False
14286,False
7849,False
15613,False
18893,False
8779,False
8894,False
758,False
11611,False
5866,False
16982,False
5265,False
